,,,,
Date,Name,Tags,URL,Description
,Letterboxd top 2000 Narrative Feature Films,,,Letterboxd top 2000 Narrative Feature Films
,,,,
Position,Name,Year,URL,Description
426406,Parasite,2019,,
36192,Come and See,1985,,
51818,The Godfather,1972,,
43015,Harakiri,1962,,
51816,The Godfather: Part II,1974,,
51716,Seven Samurai,1954,,
51700,12 Angry Men,1957,,
24788,A Dog's Will,2000,,
29108,The Human Condition III: A Soldier's Prayer,1961,,
51921,Spirited Away,2001,,
44542,High and Low,1963,,
42089,A Brighter Summer Day,1991,,
51778,The Shawshank Redemption,1994,,
35988,Yi Yi,2000,,
460830,Portrait of a Lady on Fire,2019,,
31363,The Human Condition I: No Greater Love,1959,,
251943,Spider-Man: Into the Spider-Verse,2018,,
51896,The Dark Knight,2008,,
51383,GoodFellas,1990,,
51458,Central Station,1998,,
51671,Schindler's List,1993,,
50713,The Empire Strikes Back,1980,,
49595,Ikiru,1952,,
51666,"The Good, the Bad and the Ugly",1966,,
51062,Stalker,1979,,
48044,There Will Be Blood,2007,,
31197,Satantango,1994,,
51523,City of God,2002,,
51372,The Passion of Joan of Arc,1928,,
51355,Persona,1966,,
51928,The Lord of the Rings: The Return of the King,2003,,
40311,Neon Genesis Evangelion: The End of Evangelion,1997,,
51522,Sunset Boulevard,1950,,
41440,Woman in the Dunes,1964,,
45108,Ran,1985,,
2690,Apocalypse Now,1979,,
51309,In the Mood for Love,2000,,
40554,Tokyo Story,1953,,
51257,Andrei Rublev,1966,,
51684,La Haine,1995,,
216086,The Handmaiden,2016,,
44558,Grave of the Fireflies,1988,,
51194,Paths of Glory,1957,,
171384,Whiplash,2014,,
29110,The Human Condition II: Road to Eternity,1959,,
51228,Do the Right Thing,1989,,
51444,Pulp Fiction,1994,,
51256,The World of Apu,1959,,
51552,Rear Window,1954,,
51469,"Paris, Texas",1984,,
48536,Fanny and Alexander,1982,,
51987,2001: A Space Odyssey,1968,,
33012,Le Trou,1960,,
51922,Princess Mononoke,1997,,
6578,The Given Word,1962,,
45493,Cinema Paradiso,1988,,
46175,Perfect Blue,1997,,
51782,The Silence of the Lambs,1991,,
34829,Mishima: A Life in Four Chapters,1985,,
44320,Autumn Sonata,1978,,
51578,Psycho,1960,,
103302,Scenes from a Marriage,1974,,
32502,A Woman Under the Influence,1974,,
51774,The Apartment,1960,,
38951,Sansho the Bailiff,1954,,
48649,Pather Panchali,1955,,
51974,Before Sunrise,1995,,
51930,The Lord of the Rings: The Fellowship of the Ring,2001,,
51727,Once Upon a Time in the West,1968,,
36471,Eternity and a Day,1998,,
420137,It's Such a Beautiful Day,2012,,
51454,Oldboy,2003,,
51155,The Thing,1982,,
17413,Ordet,1955,,
51432,The Shining,1980,,
51714,Alien,1979,,
96070,Macario,1960,,
51970,Before Sunset,2004,,
39579,The Red Shoes,1948,,
51064,Mirror,1975,,
45312,Memories of Murder,2003,,
51929,The Lord of the Rings: The Two Towers,2002,,
50949,It's a Wonderful Life,1946,,
51251,City Lights,1931,,
51600,One Flew Over the Cuckoo's Nest,1975,,
26201,The Cranes Are Flying,1957,,
49811,Barry Lyndon,1975,,
15466,The Ascent,1977,,
145451,They Don't Wear Black Tie,1981,,
37507,Werckmeister Harmonies,2000,,
39638,Nights of Cabiria,1957,,
15398,Edvard Munch,1974,,
51620,The Seventh Seal,1957,,
41081,The Battle of Algiers,1966,,
41352,Inglourious Basterds,2009,,
48140,No Country for Old Men,2007,,
38953,Late Spring,1949,,
51673,8½,1963,,
51320,M,1931,,
33006,War and Peace,1966,,
19696,Berlin Alexanderplatz,1980,,
30720,I Am Cuba,1964,,
51280,Singin' in the Rain,1952,,
51177,"Sherlock, Jr.",1924,,
33686,Love Exposure,2008,,
18627,Incendies,2010,,
51904,The 400 Blows,1959,,
51345,Se7en,1995,,
48930,Bicycle Thieves,1948,,
527671,The Father,2020,,
51568,Fight Club,1999,,
42507,A Man Escaped,1956,,
45602,Chungking Express,1994,,
45094,The Best of Youth,2003,,
42416,Army of Shadows,1969,,
51421,All About Eve,1950,,
237642,The Second Mother,2015,,
60299,Lawrence of Arabia,1962,,
51770,Casablanca,1942,,
51947,Taxi Driver,1976,,
188421,Mommy,2014,,
51218,Dr. Strangelove or: How I Learned to Stop Worrying and Love the Bomb,1964,,
6345,A Separation,2011,,
51509,Wild Strawberries,1957,,
49889,Modern Times,1936,,
50239,Children of Paradise,1945,,
51940,Three Colors: Red,1994,,
44925,Yojimbo,1961,,
21149,"Jeanne Dielman, 23, Quai du Commerce 1080 Bruxelles",1975,,
49062,Howl's Moving Castle,2004,,
22547,Napoleon,1927,,
36618,The Sacrifice,1986,,
17630,Landscape in the Mist,1988,,
2706,Star Wars,1977,,
22842,A Special Day,1977,,
49596,Red Beard,1965,,
49860,The Night of the Hunter,1955,,
44970,Tampopo,1985,,
51672,The Pianist,2002,,
50978,Funeral Parade of Roses,1969,,
51656,La Dolce Vita,1960,,
51238,The Great Dictator,1940,,
51849,The Wages of Fear,1953,,
47677,The Lion King,1994,,
6039,The Big City,1963,,
51781,Fargo,1996,,
47738,Rocco and His Brothers,1960,,
50258,The Young Girls of Rochefort,1967,,
2702,Citizen Kane,1941,,
36328,Still Walking,2008,,
51255,Aparajito,1956,,
51301,Brief Encounter,1945,,
51323,Chinatown,1974,,
51907,Wings of Desire,1987,,
51154,The Third Man,1949,,
51945,Back to the Future,1985,,
46911,Children of Men,2006,,
51854,To Be or Not to Be,1942,,
429628,An Elephant Sitting Still,2018,,
2683,Eternal Sunshine of the Spotless Mind,2004,,
15669,Where Is My Friend's House?,1987,,
51669,Vertigo,1958,,
22802,We All Loved Each Other So Much,1974,,
51776,Terminator 2: Judgment Day,1991,,
312205,Moonlight,2016,,
51777,Amadeus,1984,,
51195,Dog Day Afternoon,1975,,
36334,The Life and Death of Colonel Blimp,1943,,
23950,La Notte,1961,,
51748,Once Upon a Time in America,1984,,
307684,Your Name.,2016,,
2698,Metropolis,1927,,
50956,Raging Bull,1980,,
50133,Z,1969,,
51352,The Young and the Damned,1950,,
51493,Sunrise: A Song of Two Humans,1927,,
46262,Raise the Red Lantern,1991,,
45440,Paper Moon,1973,,
51171,Mulholland Drive,2001,,
435129,Shoplifters,2018,,
42884,Ugetsu,1953,,
36951,Il Sorpasso,1962,,
285509,Coco,2017,,
14960,An Autumn Afternoon,1962,,
51065,Nostalgia,1983,,
33869,A Matter of Life and Death,1946,,
51902,Akira,1988,,
47756,My Neighbor Totoro,1988,,
95113,The Grand Budapest Hotel,2014,,
51487,Life Is Beautiful,1997,,
23942,Make Way for Tomorrow,1937,,
51042,The Departed,2006,,
51290,Toy Story,1995,,
51193,Sweet Smell of Success,1957,,
61954,"São Paulo, S.A.",1965,,
35705,Marketa Lazarová,1967,,
29625,Opening Night,1977,,
51528,Solaris,1972,,
41361,All That Jazz,1979,,
51965,Raiders of the Lost Ark,1981,,
27175,Witness for the Prosecution,1957,,
23947,Pyaasa,1957,,
49881,The Treasure of the Sierra Madre,1948,,
51173,Double Indemnity,1944,,
51570,Rashomon,1950,,
50220,Nobody Knows,2004,,
49597,Throne of Blood,1957,,
15405,Early Summer,1951,,
58880,Manila in the Claws of Light,1975,,
84051,The Hunt,2012,,
34722,Inception,2010,,
61006,Once Upon a Time in Anatolia,2011,,
277023,Paddington 2,2017,,
51319,Umberto D.,1952,,
26569,The Weeping Meadow,2004,,
97651,Portrait of a Young Girl at the End of the '60s in Brussels,1994,,
259441,Little Women,2019,,
70210,"Life, and Nothing More...",1992,,
51219,Rififi,1955,,
55950,A Face in the Crowd,1957,,
134880,The Red Light Bandit,1968,,
62780,Mad Max: Fury Road,2015,,
48817,Le Samouraï,1967,,
51621,Good Will Hunting,1997,,
32345,Taste of Cherry,1997,,
22595,The New Land,1972,,
45909,Network,1976,,
98836,Gangs of Wasseypur - Part 2,2012,,
36117,Ace in the Hole,1951,,
49007,Boogie Nights,1997,,
353117,Get Out,2017,,
21185,A Moment of Innocence,1996,,
46280,The Iron Giant,1999,,
51295,Saving Private Ryan,1998,,
44904,Underground,1995,,
51867,A Clockwork Orange,1971,,
32847,Winter Light,1963,,
51347,Rosemary's Baby,1968,,
35704,The Shop on Main Street,1965,,
179551,Hope,2013,,
10925,Tokyo Twilight,1957,,
39221,Time of the Gypsies,1988,,
51611,Cléo from 5 to 7,1962,,
447164,Dirty Computer,2018,,
22918,Pixote,1981,,
55888,Samurai Rebellion,1967,,
51694,Who's Afraid of Virginia Woolf?,1966,,
51375,Grand Illusion,1937,,
40424,Happy Together,1997,,
51047,Pan's Labyrinth,2006,,
89051,Extraordinary Stories,2008,,
41235,In a Lonely Place,1950,,
51817,Some Like It Hot,1959,,
30899,The Devils,1971,,
32850,The Face of Another,1966,,
51994,Heat,1995,,
26484,Eureka,2000,,
503766,Kumbalangi Nights,2019,,
188418,Winter Sleep,2014,,
45705,Farewell My Concubine,1993,,
110740,Prisoners,2013,,
89170,Yearning,1964,,
92749,Canoa: A Shameful Memory,1976,,
477325,Invisible Life,2019,,
51265,The Best Years of Our Lives,1946,,
542449,Minari,2020,,
84436,Pastoral: To Die in the Country,1974,,
51794,The King of Comedy,1982,,
46344,Fantastic Mr. Fox,2009,,
40415,The Cremator,1969,,
24245,The Emigrants,1971,,
23926,Son of the White Mare,1981,,
2694,Kill Bill: Vol. 1,2003,,
46846,Dersu Uzala,1975,,
84682,"Throw Away Your Books, Rally in the Streets",1971,,
51843,North by Northwest,1959,,
44415,La Belle Noiseuse,1991,,
51728,Magnolia,1999,,
112956,The Tale of the Princess Kaguya,2013,,
51702,Das Boot,1981,,
34860,Céline and Julie Go Boating,1974,,
55864,Good Morning,1959,,
84683,Demons,1971,,
284941,Happy Hour,2015,,
432004,Sound of Metal,2019,,
51445,Aliens,1986,,
46424,PlayTime,1967,,
51610,Reservoir Dogs,1992,,
31595,Kwaidan,1964,,
35315,Investigation of a Citizen Above Suspicion,1970,,
13766,Love Streams,1984,,
45489,Fallen Angels,1995,,
45549,Secrets & Lies,1996,,
28418,Charulata,1964,,
46549,The Kid,1921,,
51538,The Lives of Others,2006,,
51518,The Matrix,1999,,
51935,The Big Lebowski,1998,,
46414,Cries and Whispers,1972,,
45994,WALL·E,2008,,
373808,Wolfwalkers,2020,,
117621,Interstellar,2014,,
51202,The General,1926,,
51846,Dead Poets Society,1989,,
52516,Django Unchained,2012,,
45057,The Man Who Shot Liberty Valance,1962,,
10124,Entranced Earth,1967,,
25650,Sorcerer,1977,,
21784,The Life of Oharu,1952,,
27256,The Truman Show,1998,,
51840,Ali: Fear Eats the Soul,1974,,
47805,The Holy Mountain,1973,,
33008,The Exterminating Angel,1962,,
51521,Full Metal Jacket,1987,,
67830,The Turin Horse,2011,,
51973,Memento,2000,,
27530,When a Woman Ascends the Stairs,1960,,
51147,The Prestige,2006,,
49600,The Naked Island,1960,,
13991,Cría cuervos…,1976,,
51326,The Bridge on the River Kwai,1957,,
48800,Hiroshima Mon Amour,1959,,
50653,The Elephant Man,1980,,
49039,"Synecdoche, New York",2008,,
124970,Short Term 12,2013,,
30917,Il Posto,1961,,
23266,Jacquot,1991,,
51497,Trainspotting,1996,,
51752,"Rome, Open City",1945,,
23633,Day of Wrath,1943,,
51733,Jurassic Park,1993,,
16853,The Mother and the Whore,1973,,
49852,Nashville,1975,,
84386,The Man Who Sleeps,1974,,
36917,Mary and Max,2009,,
38374,Possession,1981,,
51470,On the Waterfront,1954,,
51331,Judgment at Nuremberg,1961,,
51821,Stand by Me,1986,,
40698,Who's Singin' Over There?,1980,,
270566,Narcos,1992,,
35361,Shame,1968,,
51750,The Celebration,1998,,
50720,Malcolm X,1992,,
51949,Léon: The Professional,1994,,
18799,Sherlock: Case of Evil,2002,,
51972,Blade Runner,1982,,
50869,Day for Night,1973,,
328538,The Florida Project,2017,,
51942,Three Colors: Blue,1993,,
78431,Out 1,1971,,
36222,The Last Picture Show,1971,,
243605,Who Killed Captain Alex?,2010,,
27537,The Disappearance of Haruhi Suzumiya,2010,,
97672,U.S. Go Home,1994,,
50604,"4 Months, 3 Weeks and 2 Days",2007,,
53574,"Black God, White Devil",1964,,
2704,Forrest Gump,1994,,
357346,La Flor,2016,,
27236,Comrades: Almost a Love Story,1996,,
51529,The Conversation,1974,,
51957,Anatomy of a Murder,1959,,
438511,Soul,2020,,
73359,Amour,2012,,
266074,Embrace of the Serpent,2015,,
23383,3 Women,1977,,
31179,To Live,1994,,
47744,The Conformist,1970,,
31177,Ivan's Childhood,1962,,
17371,El sur,1983,,
17524,Poetry,2010,,
49296,The Spirit of the Beehive,1973,,
378601,Bacurau,2019,,
97715,Time to Love,1965,,
25588,Ritual,2000,,
33211,McCabe & Mrs. Miller,1971,,
19228,The Story of the Last Chrysanthemum,1939,,
36112,The Secret in Their Eyes,2009,,
41360,Kiki's Delivery Service,1989,,
465596,Samurai X: Trust and Betrayal,1999,,
29884,Millennium Actress,2001,,
50752,The Long Goodbye,1973,,
51613,The Green Mile,1999,,
359859,Roma,2018,,
50558,Ratatouille,2007,,
102444,Before Midnight,2013,,
33555,The Heiress,1949,,
51556,Die Hard,1988,,
51018,Touch of Evil,1958,,
18448,Floating Weeds,1959,,
46806,The Incredibles,2004,,
265439,Blade Runner 2049,2017,,
45096,Le Cercle Rouge,1970,,
51390,Monty Python and the Holy Grail,1975,,
46411,What Ever Happened to Baby Jane?,1962,,
447463,Capernaum,2018,,
51261,All the President's Men,1976,,
51325,Diabolique,1955,,
90233,The Hero,1966,,
50796,Au Revoir les Enfants,1987,,
28362,The Crucified Lovers,1954,,
2685,Unforgiven,1992,,
51437,The Travelling Players,1975,,
51937,"Spring, Summer, Fall, Winter... and Spring",2003,,
64912,Terrorizers,1986,,
43934,Kes,1969,,
48532,The Umbrellas of Cherbourg,1964,,
38149,Late Autumn,1960,,
33886,"They Shoot Horses, Don't They?",1969,,
51068,Y Tu Mamá También,2001,,
15651,A City of Sadness,1989,,
18010,Samurai Jack: The Premiere Movie,2001,,
172537,What We Do in the Shadows,2014,,
51858,Amélie,2001,,
650606,"Quo vadis, Aida?",2020,,
11203,The Green Ray,1986,,
460155,1917,2019,,
42942,Beau Travail,1999,,
50934,The Double Life of Véronique,1991,,
46349,The Bitter Tears of Petra von Kant,1972,,
64532,Eros + Massacre,1969,,
51593,Casino,1995,,
88487,Song of the Sea,2014,,
16730,My Night at Maud's,1969,,
50612,"Aguirre, the Wrath of God",1972,,
18272,Through the Olive Trees,1994,,
39082,The Shop Around the Corner,1940,,
420450,Blindspotting,2018,,
51167,The Leopard,1963,,
49910,The Crowd,1928,,
93296,Gangs of Wasseypur - Part 1,2012,,
77901,The Meetings of Anna,1978,,
51215,For a Few Dollars More,1965,,
51685,La Strada,1954,,
257426,Arrival,2016,,
313343,A Silent Voice,2016,,
51446,Out of the Past,1947,,
37830,Ulysses' Gaze,1995,,
423040,Game of Thrones - Conquest & Rebellion: An Animated History of the Seven Kingdoms,2017,,
35421,The Color of Pomegranates,1969,,
45148,Through a Glass Darkly,1961,,
51359,Blue Velvet,1986,,
50104,The Lovers on the Bridge,1991,,
73973,In Vanda's Room,2000,,
45017,The Deer Hunter,1978,,
44855,Kagemusha,1980,,
239760,Ivy,2015,,
49893,It Happened One Night,1934,,
312510,Aquarius,2016,,
31117,Die Nibelungen: Siegfried,1924,,
40595,Nine Queens,2000,,
635253,Mangrove,2020,,
26616,The White Ribbon,2009,,
38397,Naked,1993,,
62671,12 Years a Slave,2013,,
2701,Dancer in the Dark,2000,,
50602,Persepolis,2007,,
43302,Up,2009,,
51951,All About My Mother,1999,,
51201,The Gold Rush,1925,,
264672,Masaan,2015,,
51376,The Rules of the Game,1939,,
21891,Street of Shame,1956,,
50200,The Fire Within,1963,,
18658,The Night of Counting the Years,1969,,
32417,Kanal,1957,,
493697,The Farewell,2019,,
21014,A Touch of Zen,1971,,
50226,The Princess Bride,1987,,
49390,Pride & Prejudice,2005,,
43921,Tokyo Godfathers,2003,,
511342,Judas and the Black Messiah,2021,,
45950,Faust,1926,,
114564,Her,2013,,
51249,Cool Hand Luke,1967,,
27183,The Graduate,1967,,
451512,The Last Black Man in San Francisco,2019,,
47251,Fitzcarraldo,1982,,
51833,Rebecca,1940,,
422543,The Pinchcliffe Grand Prix,1975,,
41608,The Innocents,1961,,
188497,Wild Tales,2014,,
87558,Insiang,1976,,
433863,The Lighthouse,2019,,
51857,Trouble in Paradise,1932,,
31506,A Short Film About Love,1988,,
55889,The Earrings of Madame de...,1953,,
41461,Days of Heaven,1978,,
26713,Whisper of the Heart,1995,,
51565,Dogville,2003,,
51758,Rio Bravo,1959,,
51330,The Music Room,1958,,
51348,Roman Holiday,1953,,
32347,Mother,2009,,
51535,"Monsters, Inc.",2001,,
50435,Alice in the Cities,1974,,
45056,Stroszek,1977,,
327909,My Life as a Zucchini,2016,,
38473,Children of Heaven,1997,,
51909,Brokeback Mountain,2005,,
47315,The Sting,1973,,
49527,Last Year at Marienbad,1961,,
2705,Finding Nemo,2003,,
29885,The Burmese Harp,1956,,
51483,Requiem for a Dream,2000,,
51608,Fail Safe,1964,,
51451,Harry Potter and the Prisoner of Azkaban,2004,,
22902,Camera Buff,1979,,
54348,Estômago: A Gastronomic Story,2007,,
60141,Vive L'Amour,1994,,
78632,Blue,1993,,
49249,Orpheus,1950,,
49294,Viridiana,1961,,
335384,Phantom Thread,2017,,
44519,Dreams,1990,,
296041,Kizumonogatari Part 3: Reiketsu,2017,,
20956,Black Swan,2010,,
363460,"Night Is Short, Walk on Girl",2017,,
47973,Amarcord,1973,,
307890,Visaranai,2015,,
70075,The Chaos Class,1975,,
333029,Call Me by Your Name,2017,,
45013,Hard Boiled,1992,,
28195,Cure,1997,,
85849,Taipei Story,1985,,
35197,Johnny Guitar,1954,,
51981,Brazil,1985,,
186549,Logan,2017,,
41990,Angel's Egg,1985,,
51969,Nausicaä of the Valley of the Wind,1984,,
45097,The Virgin Spring,1960,,
344520,Vada Chennai,2018,,
45214,Tropical Malady,2004,,
38713,My Friends,1975,,
50954,Rope,1948,,
50791,The Piano Teacher,2001,,
285645,I Dream in Another Language,2017,,
8100,The Phantom Carriage,1921,,
307239,Hunt for the Wilderpeople,2016,,
51822,The Cabinet of Dr. Caligari,1920,,
164342,Pride,2014,,
22135,The Servant,1963,,
51161,The Hidden Fortress,1958,,
444600,Jojo Rabbit,2019,,
36889,Matewan,1987,,
51542,Jaws,1975,,
51719,Harold and Maude,1971,,
49210,Hot Fuzz,2007,,
310705,The Favourite,2018,,
47169,The Royal Tenenbaums,2001,,
31187,Fires on the Plain,1959,,
31187,Fires on the Plain,1959,,
7124,The Cloud-Capped Star,1960,,
3512,"One Sings, the Other Doesn't",1977,,
40748,Threads,1984,,
179888,Güeros,2014,,
51058,Greed,1924,,
524409,And Then We Danced,2019,,
51977,American History X,1998,,
38894,Seconds,1966,,
51476,Beauty and the Beast,1946,,
21325,Only Angels Have Wings,1939,,
51756,Notorious,1946,,
21145,Vagabond,1985,,
47415,The Great Silence,1968,,
149857,Gone Girl,2014,,
132151,Stranger Things,2010,,
49601,Onibaba,1964,,
45519,The Return,2003,,
475370,Knives Out,2019,,
31198,Innocence,1997,,
48024,"The Cook, the Thief, His Wife & Her Lover",1989,,
37801,Safety Last!,1923,,
39363,The Sword of Doom,1966,,
438751,Klaus,2019,,
45042,Sanjuro,1962,,
49844,Badlands,1973,,
42776,Blue Collar,1978,,
48576,Fireworks,1997,,
49779,Mildred Pierce,1945,,
8760,Mysteries of Lisbon,2010,,
365130,Super Deluxe,2019,,
51990,Amores Perros,2000,,
61965,Antonio das Mortes,1969,,
503888,Rocks,2019,,
169907,Nightcrawler,2014,,
12898,Le Bonheur,1965,,
34906,Oasis,2002,,
51482,Butch Cassidy and the Sundance Kid,1969,,
48562,The Great Escape,1963,,
424212,"So Long, My Son",2019,,
50112,Adaptation.,2002,,
84510,August in the Water,1995,,
308340,Dou kyu sei – Classmates,2016,,
38248,Mind Game,2004,,
187975,Room,2015,,
51189,The Ox-Bow Incident,1942,,
88569,Wolf Children,2012,,
51939,Scarface,1983,,
51961,Indiana Jones and the Last Crusade,1989,,
9054,Babylon,1980,,
51379,Little Miss Sunshine,2006,,
39229,Au Hasard Balthazar,1966,,
40395,"It's Not Me, I Swear!",2008,,
17217,Certified Copy,2010,,
40039,Maborosi,1995,,
42779,Coraline,2009,,
36505,True Stories,1986,,
51387,Evil Dead II,1987,,
51525,The Grapes of Wrath,1940,,
48927,L'Avventura,1960,,
42098,White Heat,1949,,
47048,The Exorcist,1973,,
63767,The Intouchables,2011,,
22860,In a Year with 13 Moons,1978,,
51595,Ed Wood,1994,,
55868,Equinox Flower,1958,,
31047,The Bad Sleep Well,1960,,
31085,The Tree of Wooden Clogs,1978,,
60300,Letter from an Unknown Woman,1948,,
49931,Young Frankenstein,1974,,
58621,Love & Pop,1998,,
43989,Let the Right One In,2008,,
62010,Aaahh Belinda,1986,,
40764,Lone Wolf and Cub: Baby Cart at the River Styx,1972,,
49888,Mr. Smith Goes to Washington,1939,,
31200,The Cameraman,1928,,
45928,A Short Film About Killing,1988,,
47796,Turtles Can Fly,2004,,
33233,Limelight,1952,,
23802,The Fabulous Baron Munchausen,1962,,
50915,Vivre Sa Vie,1962,,
51526,To Kill a Mockingbird,1962,,
46001,Mulan,1998,,
35264,Punishment Park,1971,,
369856,A Taxi Driver,2017,,
21680,Shoeshine,1946,,
31196,Mr. Muhsin,1987,,
9847,The Working Class Goes to Heaven,1971,,
266070,Mustang,2015,,
35621,Made in Hong Kong,1997,,
19922,Udaan,2010,,
51596,Dial M for Murder,1954,,
422682,Marriage Story,2019,,
80658,Death by Hanging,1968,,
41591,Black Narcissus,1947,,
86114,The Wolf of Wall Street,2013,,
18770,Ballad of a Soldier,1959,,
51906,Breaking the Waves,1996,,
52481,City of Pirates,1983,,
36812,Big Deal on Madonna Street,1958,,
21832,All That Heaven Allows,1955,,
60255,Dead Man's Letters,1986,,
51179,The Hustler,1961,,
42985,Patlabor 2: The Movie,1993,,
51618,Being John Malkovich,1999,,
13540,Lisbela and the Prisoner,2003,,
46458,Toy Story 3,2010,,
30381,The 8 Diagram Pole Fighter,1984,,
50598,Secret Sunshine,2007,,
85853,"That Day, on the Beach",1983,,
129868,"Like Father, Like Son",2013,,
32595,I Am a Fugitive from a Chain Gang,1932,,
38320,A Prophet,2009,,
47601,The Saragossa Manuscript,1965,,
31195,The Wind,1928,,
51090,Rocky,1976,,
51544,The Wild Bunch,1969,,
50600,The Diving Bell and the Butterfly,2007,,
21772,Diary of a Country Priest,1951,,
448445,Pain and Glory,2019,,
43916,Hedwig and the Angry Inch,2001,,
45850,The Killer,1989,,
40664,After Life,1998,,
39222,Damnation,1988,,
47809,In Bruges,2008,,
49883,My Darling Clementine,1946,,
36972,What Time Is It There?,2001,,
49023,Paprika,2006,,
483408,Swing Kids,2018,,
18857,Sound of the Mountain,1954,,
45654,Interstella 5555: The 5tory of the 5ecret 5tar 5ystem,2003,,
22817,Fox and His Friends,1975,,
45537,Mysterious Skin,2004,,
46217,Eat Drink Man Woman,1994,,
26928,A Summer's Tale,1996,,
422035,Burning,2018,,
51431,Short Cuts,1993,,
48524,The Last Laugh,1924,,
50228,Lady Snowblood,1973,,
662825,My First Summer,2020,,
50090,Pierrot le Fou,1965,,
45109,Blow Out,1981,,
561521,Demon Slayer – Kimetsu no Yaiba – The Movie: Mugen Train,2020,,
51908,All Quiet on the Western Front,1930,,
51686,The Straight Story,1999,,
424348,Hereditary,2018,,
42977,The Big Heat,1953,,
50712,Return of the Jedi,1983,,
49886,His Girl Friday,1940,,
352295,The Wild Pear Tree,2018,,
51696,Kill Bill: Vol. 2,2004,,
44908,Kind Hearts and Coronets,1949,,
41447,All About Lily Chou-Chou,2001,,
51494,The Wizard of Oz,1939,,
32826,A Raisin in the Sun,1961,,
7211,Mikey and Nicky,1976,,
46157,Castle in the Sky,1986,,
51827,The Bride of Frankenstein,1935,,
51423,Annie Hall,1977,,
51463,The Marriage of Maria Braun,1979,,
66891,Platform,2000,,
51405,Shaun of the Dead,2004,,
50682,Twin Peaks: Fire Walk with Me,1992,,
33009,The Official Story,1985,,
47939,In the Name of the Father,1993,,
50866,Godzilla,1954,,
51153,Elevator to the Gallows,1958,,
42459,The Taste of Tea,2004,,
49856,Midnight Cowboy,1969,,
97981,Landscape Suicide,1987,,
187986,Ex Machina,2014,,
45842,After Hours,1985,,
7038,I Knew Her Well,1965,,
263221,Manchester by the Sea,2016,,
73367,Inside Llewyn Davis,2013,,
149607,An Adventure in Space and Time,2013,,
44703,The Testament of Dr. Mabuse,1933,,
49002,Forbidden Games,1952,,
38952,Early Spring,1956,,
46338,Being There,1979,,
88353,Laurence Anyways,2012,,
79080,Black Girl,1966,,
24742,Kuroneko,1968,,
10920,The Flavor of Green Tea Over Rice,1952,,
49720,The Train,1964,,
27240,About Elly,2009,,
48980,Ashes and Diamonds,1958,,
2703,American Beauty,1999,,
50659,Zodiac,2007,,
50509,L.A. Confidential,1997,,
47800,The Taking of Pelham One Two Three,1974,,
35925,House,1977,,
50980,Down by Law,1986,,
60328,Pariah,2011,,
51307,Strangers on a Train,1951,,
45224,Thief,1981,,
70001,Letter Never Sent,1960,,
36042,My Dinner with Andre,1981,,
70105,Moonrise Kingdom,2012,,
41664,Sullivan's Travels,1941,,
98813,Ernest & Celestine,2012,,
241430,Spotlight,2015,,
47270,Ghost in the Shell,1995,,
167411,Tangerines,2013,,
35342,Wake in Fright,1971,,
443086,One Cut of the Dead,2017,,
362362,Good Time,2017,,
15677,The Long Day Closes,1992,,
313003,Bad Black,2016,,
24252,Anne of Green Gables: The Sequel,1987,,
22571,Die Nibelungen: Kriemhild's Revenge,1924,,
50788,La Cérémonie,1995,,
508246,Another Round,2020,,
130523,The Great Beauty,2013,,
38053,The Kingdom,1994,,
160163,Tattoo,2013,,
44807,Lilya 4-ever,2002,,
429571,The Wolf House,2018,,
68845,Colossal Youth,2006,,
47491,Tokyo Sonata,2008,,
46330,Night of the Living Dead,1968,,
21253,L'Atalante,1934,,
44539,The Twilight Samurai,2002,,
135054,"Norte, the End of History",2013,,
51105,3-Iron,2004,,
33228,The Circus,1928,,
152108,A Wolf at the Door,2013,,
167044,The Way He Looks,2014,,
19295,The Time to Live and the Time to Die,1985,,
23257,"Distant Voices, Still Lives",1988,,
51183,Chimes at Midnight,1965,,
52512,The Master,2012,,
34615,Phantom of the Paradise,1974,,
39849,Night and the City,1950,,
390610,First Reformed,2017,,
84497,Dangerous Encounters of the First Kind,1980,,
1498,Love and Anarchy,1973,,
18447,Daisies,1966,,
51769,Barton Fink,1991,,
51495,The Usual Suspects,1995,,
40015,In Cold Blood,1967,,
51668,Mon Oncle,1958,,
49293,The Executioner,1963,,
182142,Carol,2015,,
51484,Catch Me If You Can,2002,,
84445,Dragon Inn,1967,,
21726,The Wind Will Carry Us,1999,,
277,Drive,2011,,
47627,The Thin Red Line,1998,,
51188,The Philadelphia Story,1940,,
635254,Lovers Rock,2020,,
291610,"Three Billboards Outside Ebbing, Missouri",2017,,
49690,The Thin Man,1934,,
35054,Shadows of Forgotten Ancestors,1965,,
361719,God's Own Country,2017,,
67272,My Dear Brother,1973,,
63158,Sidewalls,2011,,
27234,Four Adventures of Reinette and Mirabelle,1987,,
39919,Azur & Asmar: The Princes' Quest,2006,,
29312,Imitation of Life,1959,,
32626,Ratcatcher,1999,,
272503,20th Century Women,2016,,
51230,Dawn of the Dead,1978,,
206073,Haider,2014,,
34529,Killer of Sheep,1978,,
264635,Son of Saul,2015,,
50669,Laura,1944,,
34824,On the Silver Globe,1988,,
399844,Something Useful,2017,,
5263,Pale Flower,1964,,
78923,Love for Sale,2006,,
19573,The Hourglass Sanatorium,1973,,
51475,Belle de Jour,1967,,
45409,Shutter Island,2010,,
431888,The Mitchells vs. The Machines,2021,,
24957,Green Snake,1993,,
31111,Memories of Matsuko,2006,,
38593,L'Eclisse,1962,,
141453,Friends,1993,,
42580,The Sound of Music,1965,,
34099,Syndromes and a Century,2006,,
13336,Yol,1982,,
36947,The Gospel According to Matthew,1964,,
34766,The Aviator's Wife,1981,,
35166,Red Desert,1964,,
50973,Mouchette,1967,,
24109,The Mirror,1997,,
25320,Boy,2010,,
305363,Sing Street,2016,,
51652,Caché,2005,,
39443,Revolutionary Girl Utena: The Adolescence of Utena,1999,,
13217,The Last Command,1928,,
404266,Uncut Gems,2019,,
50252,Joint Security Area,2000,,
30274,Safe,1995,,
60677,"Oslo, August 31st",2011,,
92578,The Ballad of Narayama,1958,,
17629,Mamma Roma,1962,,
33778,"I Was Born, But...",1932,,
39948,The Lion in Winter,1968,,
50992,Thelma & Louise,1991,,
76560,State of Siege,1972,,
48165,"What's Up, Doc?",1972,,
112957,The Wind Rises,2013,,
44797,Pink Floyd: The Wall,1982,,
45541,Peeping Tom,1960,,
27146,Trust,1990,,
43711,Waiting for the Hearse,1985,,
67919,Silenced,2011,,
368165,The Breadwinner,2017,,
20703,The Watermelon Woman,1996,,
44900,Suspiria,1977,,
51952,Gladiator,2000,,
15827,I Saw the Devil,2010,,
51424,A Streetcar Named Desire,1951,,
50968,The Bridge,1959,,
45186,Crimes and Misdemeanors,1989,,
44416,Broadcast News,1987,,
37510,The Garden of Sinners - Chapter 5: Paradox Spiral,2008,,
510821,I'm No Longer Here,2019,,
40349,Castaway on the Moon,2009,,
48940,Hannah and Her Sisters,1986,,
41663,Fantastic Planet,1973,,
36803,The Hill,1965,,
537,"Basic Sanitation, The Movie",2007,,
44785,Love in the Afternoon,1972,,
49228,The Discreet Charm of the Bourgeoisie,1972,,
170868,Drishyam,2013,,
51289,Toy Story 2,1999,,
51485,When Harry Met Sally...,1989,,
413025,Liz and the Blue Bird,2018,,
45851,Kings of the Road,1976,,
36956,La Promesse,1996,,
49468,Women on the Verge of a Nervous Breakdown,1988,,
26271,Three Men and a Leg,1997,,
51187,The Manchurian Candidate,1962,,
413,Boyfriends and Girlfriends,1987,,
47914,Punch-Drunk Love,2002,,
296346,Nise: The Heart of Madness,2016,,
48011,Sonatine,1993,,
18368,Love Letter,1995,,
51710,Head-On,2004,,
193647,Gett: The Trial of Viviane Amsalem,2014,,
45532,The Muppet Movie,1979,,
438620,Us and Them,2018,,
157902,Boy & the World,2013,,
28197,Behind the Sun,2001,,
51510,Downfall,2004,,
49885,The Lady Eve,1941,,
47388,Police Story,1985,,
51474,Boyz n the Hood,1991,,
35511,35 Shots of Rum,2008,,
42800,Fiddler on the Roof,1971,,
397578,If Beale Street Could Talk,2018,,
47628,The Vanishing,1988,,
47924,Germany Year Zero,1948,,
495888,System Crasher,2019,,
39765,Santa Sangre,1989,,
373018,Cold War,2018,,
34606,Linda Linda Linda,2005,,
31528,The Death of Mr. Lazarescu,2005,,
21804,Él,1953,,
51242,The Big Sleep,1946,,
130913,The Raid 2,2014,,
42822,The Fall,2006,,
48653,That Obscure Object of Desire,1977,,
319527,The World of Us,2016,,
41122,The Set-Up,1949,,
25402,Out of the Blue,1980,,
22005,"Ivan the Terrible, Part II: The Boyars' Plot",1958,,
476325,House of Hummingbird,2018,,
49955,The Trial,1962,,
40630,Kiss Me Deadly,1955,,
45000,This Is England,2006,,
29696,The Swimmer,1968,,
44960,The 36th Chamber of Shaolin,1978,,
41228,The Colour of Paradise,1999,,
96083,Frances Ha,2012,,
51316,Barren Lives,1963,,
523065,Never Rarely Sometimes Always,2020,,
60298,Halloween,1978,,
47783,Limite,1931,,
453543,Summerland,2020,,
51481,Battleship Potemkin,1925,,
26711,The Social Network,2010,,
51537,Life of Brian,1979,,
36548,Hud,1963,,
25084,Peking Opera Blues,1986,,
51717,Eyes Wide Shut,1999,,
13820,The Only Son,1936,,
35808,"Steamboat Bill, Jr.",1928,,
403146,Corpus Christi,2019,,
43782,My Man Godfrey,1936,,
8612,Rebels of the Neon God,1992,,
30391,The Bad and the Beautiful,1952,,
5768,The Confession,1970,,
51366,Almost Famous,2000,,
326279,Lady Bird,2017,,
317187,A Bride for Rip Van Winkle,2016,,
51809,The Killing,1956,,
51910,Donnie Darko,2001,,
35595,Bigger Than Life,1956,,
29368,Songs from the Second Floor,2000,,
18311,The Hole,1998,,
9484,"Goodbye, Dragon Inn",2003,,
45672,This Is Spinal Tap,1984,,
418135,BlacKkKlansman,2018,,
21915,Le Notti Bianche,1957,,
63579,Sunny,2011,,
226661,Avengers: Infinity War,2018,,
240344,La La Land,2016,,
51407,The Sixth Sense,1999,,
21704,La Terra Trema,1948,,
509662,Nomadland,2020,,
47051,The Right Stuff,1983,,
40422,Hour of the Wolf,1968,,
45900,Cabaret,1972,,
30699,California Split,1974,,
401395,Coffee with Cinnamon,2017,,
55867,The End of Summer,1961,,
22954,L'Argent,1983,,
589093,Shiva Baby,2020,,
51486,Lost Highway,1997,,
2232,"Léon Morin, Priest",1961,,
242788,Our Little Sister,2015,,
39686,The Adventures of Prince Achmed,1926,,
42711,Batman: Mask of the Phantasm,1993,,
63723,Floating Clouds,1955,,
22896,Vengeance Is Mine,1979,,
47119,The Nightmare Before Christmas,1993,,
134222,Louis C.K.: Oh My God,2013,,
37293,A Scene at the Sea,1991,,
47219,Ferris Bueller's Day Off,1986,,
44603,Autumn,2008,,
44968,Babette's Feast,1987,,
49307,Jean de Florette,1986,,
30213,The Seventh Continent,1989,,
39711,Saving Face,2004,,
49288,The Assassination of Jesse James by the Coward Robert Ford,2007,,
95352,K-ON! The Movie,2011,,
51200,The Maltese Falcon,1941,,
290128,Don't Be Bad,2015,,
21778,The Lusty Men,1952,,
46041,In the Heat of the Night,1967,,
47171,The Fly,1986,,
49908,Duck Soup,1933,,
40868,Leave Her to Heaven,1945,,
26940,Seven Beauties,1975,,
46289,The Legend of 1900,1998,,
27552,A New Leaf,1971,,
44740,The Wrestler,2008,,
45487,The American Friend,1977,,
50697,Inherit the Wind,1960,,
45242,The Silence,1963,,
27776,Swing Girls,2004,,
43884,Withnail & I,1987,,
51252,Bringing Up Baby,1938,,
51159,"Black Cat, White Cat",1998,,
31194,Eyes Without a Face,1960,,
36330,Le Deuxième Souffle,1966,,
51837,Volver,2006,,
12049,Brainstorm,2000,,
47029,Dazed and Confused,1993,,
41386,Departures,2008,,
38239,Shadow of a Doubt,1943,,
46304,Hunger,2008,,
51164,The French Connection,1971,,
51184,Eraserhead,1977,,
51492,Stalag 17,1953,,
32088,Stray Dog,1949,,
39207,The Children's Hour,1961,,
313416,In This Corner of the World,2016,,
45434,Cowboy Bebop: The Movie,2001,,
49882,Red River,1948,,
362368,Bingo: The King of the Mornings,2017,,
35362,Maurice,1987,,
40514,Running on Empty,1988,,
47434,The Insider,1999,,
38052,The Kingdom II,1997,,
46949,The Passenger,1975,,
385389,The Rider,2017,,
45428,Mystery Train,1989,,
51943,Snatch,2000,,
90480,Mother Joan of the Angels,1961,,
31985,The Texas Chain Saw Massacre,1974,,
333203,The Irishman,2019,,
41689,Holiday,1938,,
420726,Loveling,2018,,
78266,The Raid,2011,,
113284,Inside Out,2015,,
139795,Birdman or (The Unexpected Virtue of Ignorance),2014,,
74999,Where's Firuze?,2004,,
46348,Martha,1974,,
46263,The Player,1992,,
149093,Ida,2013,,
367390,Araby,2017,,
39835,Hellzapoppin',1941,,
89174,Girlfriends,1978,,
44489,I Vitelloni,1953,,
78058,Tabu,2012,,
504408,Bait,2019,,
49391,Atonement,2007,,
48519,"Dr. Mabuse, the Gambler",1922,,
49911,The Big Parade,1925,,
51787,Breathless,1960,,
310032,"I, Daniel Blake",2016,,
28044,Simon of the Desert,1965,,
28706,The Son,2002,,
50846,Misery,1990,,
51706,Miller's Crossing,1990,,
39131,Divorce Italian Style,1961,,
44594,Ponyo,2008,,
28739,Nazarin,1959,,
41234,Scarlet Street,1945,,
24284,The Heartbreak Kid,1972,,
35875,The Friends of Eddie Coyle,1973,,
548353,Crazy World,2014,,
48792,The Phantom of Liberty,1974,,
226660,Avengers: Endgame,2019,,
46301,Purple Noon,1960,,
35661,Pickup on South Street,1953,,
217058,Court,2014,,
49047,10 Things I Hate About You,1999,,
220556,The Wailing,2016,,
31098,The Scarlet Empress,1934,,
51978,Billy Elliot,2000,,
51723,Night on Earth,1991,,
48042,Elite Squad,2007,,
6942,Warrior,2011,,
47723,Carandiru,2003,,
28239,Walkabout,1971,,
46622,Beauty and the Beast,1991,,
51430,Manhattan,1979,,
26567,The Breaking Point,1950,,
38788,Emmet Otter's Jug-Band Christmas,1977,,
49409,Kikujiro,1999,,
26803,The Roaring Twenties,1939,,
47731,Paisan,1946,,
348456,Columbus,2017,,
34455,He Who Gets Slapped,1924,,
51176,Sleuth,1972,,
333448,Isle of Dogs,2018,,
44897,Bullet in the Head,1990,,
27698,The Rocky Horror Picture Show,1975,,
51281,Planet of the Apes,1968,,
23772,Peppermint Candy,1999,,
51915,Freaks,1932,,
49257,Sympathy for Lady Vengeance,2005,,
19359,Flowers of Shanghai,1998,,
27809,Casino Royale,2006,,
41474,Ordinary People,1980,,
51985,Talk to Her,2002,,
41022,The Gunfighter,1950,,
44580,Harry Potter and the Deathly Hallows: Part 2,2011,,
134456,Black Rain,1989,,
25185,Moolaadé,2004,,
290088,Heneral Luna,2015,,
42370,Revanche,2008,,
18377,Madame Satã,2002,,
19003,Port of Shadows,1938,,
7845,La Ciénaga,2001,,
36922,Daria in 'Is It College Yet?',2002,,
27569,Born in Flames,1983,,
49129,Charade,1963,,
51340,Aladdin,1992,,
45314,C.R.A.Z.Y.,2005,,
65568,Weekend,2011,,
28924,City Girl,1930,,
337899,A Hidden Life,2019,,
45263,Repulsion,1965,,
51905,"Crouching Tiger, Hidden Dragon",2000,,
51897,Star Trek II: The Wrath of Khan,1982,,
51097,American Psycho,2000,,
47133,Buffalo '66,1998,,
50741,Ninotchka,1939,,
30738,Midnight,1939,,
41448,The Big Gundown,1966,,
43216,Female Trouble,1974,,
38800,But I'm a Cheerleader,1999,,
406097,The Great Buddha+,2017,,
22953,The Ballad of Narayama,1983,,
19298,Dust in the Wind,1986,,
13611,Cluny Brown,1946,,
45203,Rushmore,1998,,
51436,Pickpocket,1959,,
51174,Stagecoach,1939,,
137928,The Lunchbox,2013,,
45130,Porco Rosso,1992,,
37107,Abigail's Party,1977,,
51898,Lost in Translation,2003,,
50913,Jules and Jim,1962,,
51471,Nosferatu,1922,,
48473,Carlito's Way,1993,,
64774,On Probation,2005,,
27558,Life Is Sweet,1990,,
1599,Tomboy,2011,,
424224,303,2018,,
604997,Karnan,2021,,
429646,Retablo,2017,,
31908,Monsieur Verdoux,1947,,
502132,Made in Abyss: Dawn of the Deep Soul,2020,,
43812,Gaslight,1944,,
42738,The Last Detail,1973,,
412433,Happy as Lazzaro,2018,,
51592,The Blues Brothers,1980,,
384072,BPM (Beats per Minute),2017,,
22368,The Nun,1966,,
6538,Kramer vs. Kramer,1979,,
51399,Faces,1968,,
197628,Sicario,2015,,
40176,Gun Crazy,1950,,
32464,Ball of Fire,1941,,
240068,Kubo and the Two Strings,2016,,
45257,Rosetta,1999,,
45993,Happiness,1998,,
42949,Fury,1936,,
420451,Eighth Grade,2018,,
36500,Black Dynamite,2009,,
42999,Bad Day at Black Rock,1955,,
33822,La Vie de Bohème,1992,,
51438,The Bridges of Madison County,1995,,
330912,Train to Busan,2016,,
32217,A Tree Grows in Brooklyn,1945,,
51308,2046,2004,,
42804,The Long Good Friday,1980,,
41009,El Norte,1983,,
20017,French Cancan,1955,,
3612,Toute une nuit,1982,,
51665,"One, Two, Three",1961,,
44866,Bring Me the Head of Alfredo Garcia,1974,,
37833,Scott Pilgrim vs. the World,2010,,
188425,Leviathan,2014,,
43625,Tekkonkinkreet,2006,,
35592,Point Blank,1967,,
33546,The Lost Weekend,1945,,
38463,City of Life and Death,2009,,
51344,Shrek,2001,,
24999,Female Prisoner Scorpion: Jailhouse 41,1972,,
7406,Mr. Klein,1976,,
78583,To Sleep with Anger,1990,,
58332,Female Prisoner 701: Scorpion,1972,,
709707,Joji,2021,,
44534,The Big Country,1958,,
5021,La Vérité,1960,,
51838,The Terminator,1984,,
45044,The Enigma of Kaspar Hauser,1974,,
51923,Blind Chance,1987,,
14341,Death Note Relight 1: Visions of a God,2007,,
21194,Urusei Yatsura 2: Beautiful Dreamer,1984,,
42613,Only Yesterday,1991,,
269358,Loving Vincent,2017,,
25151,My American Uncle,1980,,
37923,Random Harvest,1942,,
211017,Horse Money,2014,,
51917,"O Brother, Where Art Thou?",2000,,
283273,Mission: Impossible - Fallout,2018,,
45836,The Purple Rose of Cairo,1985,,
77071,Hotarubi no Mori e,2011,,
17503,Elite Squad: The Enemy Within,2010,,
45009,Harvey,1950,,
21152,Another Year,2010,,
51425,Our Hospitality,1923,,
23085,Story of Women,1988,,
28280,Lola Montès,1955,,
263215,Captain Fantastic,2016,,
49455,Scream,1996,,
51698,A Fistful of Dollars,1964,,
39127,Breaking Away,1979,,
44544,Accattone,1961,,
36124,Irma Vep,1996,,
47096,Glengarry Glen Ross,1992,,
51771,High Noon,1952,,
264171,Land of Mine,2015,,
45908,Infernal Affairs,2002,,
31463,Pigs and Battleships,1961,,
27112,Wagon Master,1950,,
34661,G.O.R.A.,2004,,
26518,Fish Story,2009,,
39219,Deep Red,1975,,
137646,Top of the Lake,2013,,
30178,"Now, Voyager",1942,,
21788,Le Plaisir,1952,,
44952,Invasion of the Body Snatchers,1978,,
51142,The Miracle Worker,1962,,
51629,Bonnie and Clyde,1967,,
1133,Duelle,1976,,
89139,Stars in My Crown,1950,,
21880,How Green Was My Valley,1941,,
37178,For Love and Gold,1966,,
45366,Blood Simple,1984,,
23274,The Stranger,1991,,
45692,The Postman,1994,,
49858,The Searchers,1956,,
51740,True Romance,1993,,
50380,Veronika Voss,1982,,
13031,The Red and the White,1967,,
296040,Kizumonogatari Part 2: Nekketsu,2016,,
43671,Angels with Dirty Faces,1938,,
22449,Diary of a Lost Girl,1929,,
32309,The Plague Dogs,1982,,
435450,Booksmart,2019,,
40000,Alice,1988,,
43603,Breaker Morant,1980,,
108235,"Batman: The Dark Knight Returns, Part 2",2013,,
20096,Salaam Bombay!,1988,,
50315,Still Life,2006,,
306491,Paterson,2016,,
103550,Why Don't You Play in Hell?,2013,,
36927,The Verdict,1982,,
41662,The Wicker Man,1973,,
208287,Magical Girl,2014,,
51812,King Kong,1933,,
46940,The Triplets of Belleville,2003,,
39664,Targets,1968,,
45729,A Night to Remember,1958,,
45151,Suzhou River,2000,,
44033,A Muppet Family Christmas,1987,,
47851,Drifting Clouds,1996,,
47946,The Match Factory Girl,1990,,
47892,Band of Outsiders,1964,,
36035,Scum,1979,,
30316,Seven Chances,1925,,
34588,Brand Upon the Brain!,2006,,
7432,Dry Summer,1963,,
268192,Hell or High Water,2016,,
51363,Closely Watched Trains,1966,,
36971,Two Women,1960,,
47599,Mad Max 2,1981,,
30783,Welcome Mr. Marshall!,1953,,
178387,Phoenix,2014,,
370918,Birds of Passage,2018,,
387635,Bad Genius,2017,,
37389,Straight Time,1978,,
271467,Premam,2015,,
51459,Ben-Hur,1959,,
46418,Funny Games,1997,,
37851,The King and the Mockingbird,1980,,
247121,Victoria,2015,,
39429,Invention for Destruction,1958,,
211020,The Fool,2014,,
29848,A Patch of Blue,1965,,
38795,Le Doulos,1962,,
520319,Papicha,2019,,
51192,Tabu,1931,,
45204,Lilo & Stitch,2002,,
49306,Manon of the Spring,1986,,
46460,How to Train Your Dragon,2010,,
57622,We Need to Talk About Kevin,2011,,
26859,There's Always Tomorrow,1955,,
51844,Arsenic and Old Lace,1944,,
18771,Fists in the Pocket,1965,,
51520,E.T. the Extra-Terrestrial,1982,,
24539,Black Orpheus,1959,,
14634,Monica's Gang in an Adventure in Time,2007,,
42899,The Awful Truth,1937,,
51389,Braindead,1992,,
22484,The Passion of Anna,1969,,
50367,À Nos Amours,1983,,
441870,Honey Boy,2019,,
38780,Ivan Vasilyevich Changes His Profession,1973,,
96557,About Time,2013,,
51247,Pandora's Box,1929,,
14482,Placido,1961,,
117574,Fruitvale Station,2013,,
49861,A Star Is Born,1954,,
38999,3 Idiots,2009,,
51396,Fantasia,1940,,
21776,Bellissima,1951,,
49724,Ludwig,1973,,
464065,Andhadhun,2018,,
39805,Nightmare Alley,1947,,
6421,Gamera 3: Revenge of Iris,1999,,
49297,Rapture,1979,,
45631,Blazing Saddles,1974,,
51296,Who Framed Roger Rabbit,1988,,
43191,You Can Count on Me,2000,,
22094,Victim,1961,,
4439,The Spook Who Sat by the Door,1973,,
3519,The Skin I Live In,2011,,
21293,Stage Door,1937,,
48797,RoboCop,1987,,
42550,Barbie as The Princess & the Pauper,2004,,
42669,Bianca,1984,,
45828,When the Wind Blows,1986,,
26784,A Night at the Opera,1935,,
31534,Distant,2002,,
57598,Redline,2009,,
46231,The Muppet Christmas Carol,1992,,
1997,Mauvais Sang,1986,,
17834,Memories of Underdevelopment,1968,,
321268,The Hand,2004,,
51914,Groundhog Day,1993,,
21688,Odd Man Out,1947,,
51662,Mary Poppins,1964,,
51135,The Remains of the Day,1993,,
44813,Machuca,2004,,
36836,Minnie and Moskowitz,1971,,
305342,The Tale,2018,,
82117,Diamonds of the Night,1964,,
50882,Small Change,1976,,
18580,The White Balloon,1995,,
237177,The Witch,2015,,
15606,La Ronde,1950,,
35881,A Place in the Sun,1951,,
1332,Housekeeping,1987,,
487135,First Cow,2019,,
46948,Mädchen in Uniform,1931,,
51889,Edward Scissorhands,1990,,
48644,"You, the Living",2007,,
35182,Five Easy Pieces,1970,,
10324,Four Nights of a Dreamer,1971,,
29035,A Single Man,2009,,
45597,Vera Drake,2004,,
38904,"Dawn Breaks, Which Is No Small Thing",1989,,
27128,Canyon Passage,1946,,
37808,To Have and Have Not,1944,,
42614,Election 2,2006,,
42427,Lupin the Third: The Castle of Cagliostro,1979,,
26072,Ponette,1996,,
51790,Contempt,1963,,
554438,Happy Old Year,2019,,
394965,The Peanut Butter Falcon,2019,,
49930,Frankenstein,1931,,
50601,Silent Light,2007,,
118212,Miracle in Cell No. 7,2013,,
49183,Pappa ante Portas,1991,,
114605,Dallas Buyers Club,2013,,
414057,Microhabitat,2017,,
30703,The Killing of a Chinese Bookie,1976,,
51979,Million Dollar Baby,2004,,
24343,A Town Called Panic,2009,,
34577,There Was a Father,1942,,
15367,"Ed, Edd n Eddy's Big Picture Show",2009,,
45054,Smiles of a Summer Night,1955,,
51804,Willy Wonka & the Chocolate Factory,1971,,
49485,Stromboli,1950,,
21729,"Cinema, Aspirins and Vultures",2005,,
20438,Daria in 'Is It Fall Yet?',2000,,
51634,My Own Private Idaho,1991,,
38943,The Pawnbroker,1964,,
39196,Exotica,1994,,
45503,Wait Until Dark,1967,,
46815,"Ivan the Terrible, Part I",1944,,
369876,1987: When the Day Comes,2017,,
34449,The Man Who Laughs,1928,,
49583,1900,1976,,
292627,Dangal,2016,,
41012,Moon,2009,,
451901,Sorry We Missed You,2019,,
71338,The Perks of Being a Wallflower,2012,,
11782,The River,1997,,
66617,Peppermint Soda,1977,,
49184,Sympathy for Mr. Vengeance,2002,,
51360,Platoon,1986,,
74910,The Ear,1970,,
293861,Kaili Blues,2015,,
59911,Dishonored,1931,,
20245,Strike,1925,,
209382,Thor: Ragnarok,2017,,
37977,The Ghost and Mrs. Muir,1947,,
46769,To Live and Die in L.A.,1985,,
549496,A Sun,2019,,
41844,Funny Girl,1968,,
221724,Little Forest: Summer/Autumn,2014,,
51163,Blow-Up,1966,,
41431,The Tale of Zatoichi,1962,,
51198,The Magnificent Ambersons,1942,,
23463,Tokyo Fist,1995,,
11641,Lost,2004,,
44065,Scrooge,1951,,
43601,Best in Show,2000,,
51245,Doctor Zhivago,1965,,
41804,Survive Style 5+,2004,,
31639,This Night I'll Possess Your Corpse,1967,,
7448,Three Outlaw Samurai,1964,,
31199,The Girl with the Red Scarf,1978,,
20980,They Live by Night,1948,,
345267,The Invisible Guest,2016,,
12727,Happy Days,1978,,
18729,Ghostwatch,1992,,
24317,Le Silence de la Mer,1949,,
41899,South Park: Imaginationland,2007,,
51338,An American Werewolf in London,1981,,
51911,Bad Education,2004,,
40702,Branded to Kill,1967,,
43542,The Chaser,2008,,
34693,Two-Lane Blacktop,1971,,
43580,Exiled,2006,,
29874,Blue Spring,2001,,
50782,Nowhere,1997,,
51213,The Lady Vanishes,1938,,
328141,Divines,2016,,
51332,JFK,1991,,
41544,Waiting for Guffman,1996,,
45195,Millennium Mambo,2001,,
76242,A Simple Life,2011,,
29928,Real Life,1979,,
47486,Wendy and Lucy,2008,,
23568,Europe '51,1952,,
503926,The Body Remembers When the World Broke Open,2019,,
51315,Videodrome,1983,,
21060,Destiny,2006,,
43926,My Father and My Son,2005,,
82629,Lonesome,1928,,
42111,Swades,2004,,
45385,Cape Fear,1962,,
605350,Josep,2020,,
63008,Tyrannosaur,2011,,
406775,Joker,2019,,
84321,Duvidha,1973,,
323609,"I, Tonya",2017,,
51801,Stolen Kisses,1968,,
11994,The Clock,1945,,
400138,Vitalina Varela,2019,,
16761,Man Facing Southeast,1986,,
54509,Written on the Wind,1956,,
50032,An Angel at My Table,1990,,
11866,Confessions,2010,,
29289,Gertrud,1964,,
45652,The Last Temptation of Christ,1988,,
41988,Marty,1955,,
19560,Double Suicide,1969,,
135053,The Golden Dream,2013,,
503,Pardon,2005,,
50039,Claire's Knee,1970,,
34531,Touchez Pas au Grisbi,1954,,
36091,Caro diario,1993,,
15621,Wings,1966,,
118498,Reflexões de um Liquidificador,2010,,
40509,Big Night,1996,,
310199,Dunkirk,2017,,
150890,Puella Magi Madoka Magica the Movie Part III: Rebellion,2013,,
51590,Once Were Warriors,1994,,
235541,Bill Burr: I'm Sorry You Feel That Way,2014,,
51382,Gone with the Wind,1939,,
35742,Drunken Angel,1948,,
48563,Papillon,1973,,
291419,Ford v Ferrari,2019,,
34695,Kids Return,1996,,
24163,The Man Who Copied,2003,,
27857,Hail the Conquering Hero,1944,,
44466,A Serious Man,2009,,
50518,The Breakfast Club,1985,,
37862,The Women,1939,,
41305,Black Christmas,1974,,
44537,Sling Blade,1996,,
197012,The Hateful Eight,2015,,
41301,The Asphalt Jungle,1950,,
31112,Gold Diggers of 1933,1933,,
38742,Operation Y and Other Shurik's Adventures,1965,,
49124,Ghost Dog: The Way of the Samurai,1999,,
48801,The Chorus,2004,,
5477,Zindagi Na Milegi Dobara,2011,,
31103,A Woman Is a Woman,1961,,
48004,Like Stars on Earth,2007,,
29194,The Boys in the Band,1970,,
45785,The Adventures of Robin Hood,1938,,
9572,The Flowers of St. Francis,1950,,
51950,"Lock, Stock and Two Smoking Barrels",1998,,
38664,Brother,1997,,
21177,The Cow,1969,,
374398,96,2018,,
65753,I Wish,2011,,
263222,Lion,2016,,
505046,Asuran,2019,,
48866,Theorem,1968,,
28266,Ruggles of Red Gap,1935,,
49084,The Day of the Jackal,1973,,
44225,Barbie in The 12 Dancing Princesses,2006,,
13273,Little Fugitive,1953,,
51271,A Few Good Men,1992,,
46320,Until the End of the World,1991,,
44962,The Court Jester,1955,,
51633,Stranger Than Paradise,1984,,
35933,White Collar Blues,1975,,
51795,Cat on a Hot Tin Roof,1958,,
100920,Nebraska,2013,,
74795,"Goodbye South, Goodbye",1996,,
39386,In the Loop,2009,,
30396,Days of Wine and Roses,1962,,
46434,The Sweet Hereafter,1997,,
10781,Beginners,2010,,
45768,The Return of the Living Dead,1985,,
48049,Carrie,1976,,
39648,"Ugly, Dirty and Bad",1976,,
31209,The Broken Landlord,1985,,
453578,Dear Ex,2018,,
43355,Barefoot Gen,1983,,
27524,Testament of Orpheus,1960,,
47211,The Twelve Tasks of Asterix,1976,,
48064,The Man Without a Past,2002,,
44860,"Merry Christmas, Mr. Lawrence",1983,,
310099,After the Storm,2016,,
11900,Pitfall,1962,,
146605,Four Sisters and a Wedding,2013,,
43294,3:10 to Yuma,1957,,
51339,Airplane!,1980,,
252473,Endless Poetry,2016,,
45897,The Invisible Man,1933,,
49880,Seance on a Wet Afternoon,1964,,
93676,Guardians of the Galaxy,2014,,
2713,Shadows in Paradise,1986,,
513822,"Kim Ji-young, Born 1982",2019,,
51180,The Mortal Storm,1940,,
22582,Murmur of the Heart,1971,,
21005,A Story of Floating Weeds,1934,,
41279,Fat City,1972,,
73864,"I Travel Because I Have to, I Come Back Because I Love You",2009,,
247,Take Shelter,2011,,
371428,Summer 1993,2017,,
43932,I'm Starting from Three,1981,,
467603,On My Skin,2018,,
49161,Van Gogh,1991,,
64220,Touki Bouki,1973,,
44247,Dead Man's Shoes,2004,,
34809,Lenny,1974,,
459564,Midsommar,2019,,
17560,High Hopes,1988,,
30648,"The Devil, Probably",1977,,
6680,Taking Off,1971,,
51868,Jackie Brown,1997,,
33002,A Time for Drunken Horses,2000,,
51886,Back to the Future Part II,1989,,
48662,Two for the Road,1967,,
451788,Just Mercy,2019,,
316312,Hidden Figures,2016,,
310034,Toni Erdmann,2016,,
24325,Lola,1961,,
18493,The Steel Helmet,1951,,
51726,"Duck, You Sucker",1971,,
67008,Wanda,1970,,
90005,The Goddess,1934,,
45262,The Tenant,1976,,
31505,Bitter Rice,1949,,
31536,Butterfly,1999,,
32844,One Hundred Steps,2000,,
51707,Raising Arizona,1987,,
50121,Journey to Italy,1954,,
380827,Little Forest,2018,,
397859,Once Upon a Time… in Hollywood,2019,,
51312,Close Encounters of the Third Kind,1977,,
45683,Picnic at Hanging Rock,1975,,
13772,Pickpocket,1998,,
30040,A Zed & Two Noughts,1985,,
49810,Battle Royale,2000,,
47776,Superbad,2007,,
432335,Thunder Road,2018,,
49530,Beetlejuice,1988,,
401526,The Hate U Give,2018,,
37334,Seven Days in May,1964,,
55424,Margaret,2011,,
43765,The Spy Who Came In from the Cold,1965,,
376877,Foxtrot,2017,,
51836,East of Eden,1955,,
16350,The Boxer's Omen,1983,,
137850,Bill Burr: You People Are All The Same,2012,,
44571,All or Nothing,2002,,
37138,Over the Edge,1979,,
44895,Mephisto,1981,,
38743,Kin-dza-dza!,1986,,
27002,Day of the Outlaw,1959,,
38462,Kirikou and the Sorceress,1998,,
51267,The Docks of New York,1928,,
6166,Ghostbusters,1984,,
284630,"Right Now, Wrong Then",2015,,
63709,Design for Living,1933,,
35475,Anand,1971,,
49891,Top Hat,1935,,
170062,When Marnie Was There,2014,,
48329,Nosferatu the Vampyre,1979,,
84112,Beyond the Hills,2012,,
47123,Scent of a Woman,1992,,
83863,Holy Motors,2012,,
33155,Les Vampires,1915,,
208885,Beasts of No Nation,2015,,
42906,Dogfight,1991,,
45067,Love and Death,1975,,
50932,A Bronx Tale,1993,,
45474,Local Hero,1983,,
207224,The Revenant,2015,,
39998,Faust,1994,,
25883,An Unmarried Woman,1978,,
57398,Death of a Cyclist,1955,,
48711,Control,2007,,
11817,The Song of Sparrows,2008,,
34611,Charley Varrick,1973,,
225918,Cemetery of Splendor,2015,,
39803,Sudden Fear,1952,,
37632,A Room for Romeo Brass,1999,,
310022,Sieranevada,2016,,
78433,A Page of Madness,1926,,
21715,Carlos,2010,,
51835,Rebel Without a Cause,1955,,
29309,Crooklyn,1994,,
450337,A Quiet Place Part II,2020,,
34952,The Bandit,1996,,
29217,Battles Without Honor and Humanity,1973,,
20814,Mother and Son,1997,,
44702,The Legend of Drunken Master,1994,,
33153,Le Corbeau,1943,,
51533,Big Fish,2003,,
45507,Patton,1970,,
80562,Neighboring Sounds,2012,,
357253,Never Look Away,2018,,
18324,Blissfully Yours,2002,,
16535,Christmas at Pee Wee's Playhouse,1988,,
36286,Night of the Demon,1957,,
30523,The Palm Beach Story,1942,,
41631,Auntie Mame,1958,,
512835,Two Blue Stripes,2019,,
23032,Hour of the Star,1985,,
34309,Nothing Left to Do but Cry,1984,,
35144,Detective Conan: The Phantom of Baker Street,2002,,
46288,My Cousin Vinny,1992,,
41830,The Loneliness of the Long Distance Runner,1962,,
47363,Waking Life,2001,,
47292,Orlando,1992,,
39819,Before the Rain,1994,,
22128,Memories,1995,,
51971,Hero,2002,,
37661,Evangelion: 2.0 You Can (Not) Advance,2009,,
560075,Shrek Retold,2018,,
51279,The Color Purple,1985,,
198031,Losing Ground,1982,,
51186,The Man Who Would Be King,1975,,
47403,Serpico,1973,,
20012,The River,1951,,
18566,The Third Part of the Night,1971,,
22138,The Insect Woman,1963,,
12940,Battles Without Honor and Humanity: Deadly Fight in Hiroshima,1973,,
52304,Eastern Condors,1987,,
34463,The Unknown,1927,,
52504,Silence,2016,,
22474,Medium Cool,1969,,
417469,Long Day's Journey Into Night,2018,,
31255,Naked Childhood,1968,,
51765,Desert Hearts,1985,,
51034,The Devil's Backbone,2001,,
2714,Ariel,1988,,
127129,Rio 2096: A Story of Love and Fury,2013,,
21893,The Tall T,1957,,
78750,The Devil,1972,,
23602,Tetsuo: The Iron Man,1989,,
45906,The Man Who Wasn't There,2001,,
467422,Deadwood: The Movie,2019,,
43151,Doubt,2008,,
36014,Shock Corridor,1963,,
62006,Detachment,2011,,
462573,Waves,2019,,
18544,Blood,1989,,
25809,Dogtooth,2009,,
46413,A Tale of Autumn,1998,,
15156,Ask Me If I Am Happy,2000,,
46488,My Left Foot: The Story of Christy Brown,1989,,
21769,Miracle in Milan,1951,,
50177,Heathers,1989,,
68761,Wild River,1960,,
46902,Bound by Honor,1993,,
43545,The Castle,1997,,
51531,The Hours,2002,,
42930,The Killers,1946,,
51890,Ocean's Eleven,2001,,
46812,Philadelphia,1993,,
51986,Twelve Monkeys,1995,,
30846,Breathless,2008,,
51231,Dead Man,1995,,
45144,Last Life in the Universe,2003,,
49671,"Girl, Interrupted",1999,,
64947,Spies,1928,,
40447,George Washington,2000,,
41644,Johnny Got His Gun,1971,,
35600,The Naked Kiss,1964,,
51499,The Killing Fields,1984,,
48823,The Fugitive,1993,,
39848,Juliet of the Spirits,1965,,
13264,El Infierno,2010,,
21319,Young Mr. Lincoln,1939,,
172076,John Wick,2014,,
28093,Not One Less,1999,,
267286,The Red Turtle,2016,,
466141,Steven Universe: The Movie,2019,,
21355,The Little Foxes,1941,,
30937,The Narrow Margin,1952,,
33235,Poison for the Fairies,1986,,
156867,"Two Days, One Night",2014,,
26868,The Criminal Life of Archibaldo de la Cruz,1955,,
547754,The Forty-Year-Old Version,2020,,
24308,Batman: Under the Red Hood,2010,,
49599,The Lady from Shanghai,1947,,
32848,Face to Face,1976,,
15,Belladonna of Sadness,1973,,
268950,Baby Driver,2017,,
90663,The Normal Heart,2014,,
51190,Irreversible,2002,,
51373,Vampyr,1932,,
73518,Gate of Flesh,1964,,
514647,Les Misérables,2019,,
47468,The Tree of Life,2011,,
42841,Ip Man,2008,,
24858,Caliber 9,1972,,
383831,Custody,2017,,
6971,Deep End,1970,,
51400,V for Vendetta,2005,,
23561,Lone Wolf and Cub: Sword of Vengeance,1972,,
20962,Angel,1937,,
1086,The Girl with the Dragon Tattoo,2011,,
25586,What's Up with Love?,2002,,
32914,The Band Wagon,1953,,
239260,Creed,2015,,
39625,Son of the Bride,2001,,
23109,Chocolat,1988,,
48699,Once,2007,,
35443,Kamikaze Girls,2004,,
22120,Lonely Are the Brave,1962,,
49232,Sense and Sensibility,1995,,
7466,13 Assassins,2010,,
347828,Ethel & Ernest,2016,,
40434,Days of Being Wild,1990,,
45390,A Bittersweet Life,2005,,
92160,Paddington,2014,,
42245,Missing,1982,,
88495,Hard to Be a God,2013,,
18067,Cairo Station,1958,,
45628,Audition,1999,,
68058,Everything's Gonna Be Great,1998,,
188434,Force Majeure,2014,,
8337,Night and Day,2008,,
44974,Sexy Beast,2000,,
11510,Mondays in the Sun,2002,,
515467,Palm Springs,2020,,
48837,Rabid Dogs,1974,,
45256,The Child,2005,,
37802,Speedy,1928,,
217531,Anomalisa,2015,,
30282,Vanya on 42nd Street,1994,,
30176,Act of Violence,1948,,
51050,Lovers of the Arctic Circle,1998,,
32705,Remember the Night,1940,,
31640,At Midnight I'll Take Your Soul,1964,,
25859,Tangled,2010,,
51422,A Hard Day's Night,1964,,
47596,My Life as a Dog,1985,,
50580,Training Day,2001,,
468195,Tumbbad,2018,,
45673,Zelig,1983,,
26194,Uncle Boonmee Who Can Recall His Past Lives,2010,,
19418,The Mission,1999,,
482297,Promare,2019,,
45272,A Better Tomorrow,1986,,
45756,Beautiful Thing,1996,,
44839,Tombstone,1993,,
178123,The Lobster,2015,,
36258,The Banishment,2007,,
338017,Brigsby Bear,2017,,
234814,Tangerine,2015,,
325137,Fate/stay night: Heaven's Feel II. Lost Butterfly,2019,,
48879,The Band's Visit,2007,,
33556,Splendor in the Grass,1961,,
51737,Mystic River,2003,,
47289,Bound,1996,,
51784,Batman Begins,2005,,
444346,A Twelve-Year Night,2018,,
22619,O Lucky Man!,1973,,
45697,Awakenings,1990,,
30726,Blast of Silence,1961,,
35185,La Chienne,1931,,
51170,Adam's Apples,2005,,
8774,The Four Times,2010,,
51243,Meet Me in St. Louis,1944,,
50110,"The Adventures of Priscilla, Queen of the Desert",1994,,
46778,The Prince of Egypt,1998,,
461453,KonoSuba: God's Blessing on this Wonderful World! Legend of Crimson,2019,,
34838,Le Jour Se Lève,1939,,
42411,Metropolitan,1990,,
48788,Donkey Skin,1970,,
38035,Ms .45,1981,,
2289,The Kid with a Bike,2011,,
139489,The Selfish Giant,2013,,
51129,Letters from Iwo Jima,2006,,
25823,Tosun Pasha,1976,,
105583,The Dance of Reality,2013,,
362360,Loveless,2017,,
15641,Lucky and Zorba,1998,,
504147,Saint Frances,2019,,
30014,Unfaithfully Yours,1948,,
39486,Lagaan: Once Upon a Time in India,2001,,
51036,25th Hour,2002,,
50839,Giant,1956,,
38744,The Diamond Arm,1968,,
42283,Chop Shop,2007,,
278872,Woman at War,2018,,
18905,Topsy-Turvy,1999,,
50909,Mississippi Burning,1988,,
105210,The Broken Circle Breakdown,2012,,
18733,On Board,1998,,
310795,The Salesman,2016,,
38276,Prayers for Bobby,2009,,
201909,Moana,2016,,
51944,Predator,1987,,
32205,The Producers,1967,,
44655,Sholay,1975,,
47817,Don't Look Now: We're Being Shot At,1966,,
50378,Lola,1981,,
52790,Daughters of the Dust,1991,,
350384,The Big Sick,2017,,
51149,The Wind That Shakes the Barley,2006,,
40760,Assault on Precinct 13,1976,,
49230,"Lust, Caution",2007,,
33444,Underworld U.S.A.,1961,,
51254,Birdman of Alcatraz,1962,,
17928,Summer Interlude,1951,,
47778,Cast Away,2000,,
66892,Mango Yellow,2002,,
2695,Pirates of the Caribbean: The Curse of the Black Pearl,2003,,
2695,Pirates of the Caribbean: The Curse of the Black Pearl,2003,,
66892,Mango Yellow,2002,,
41458,Russian Ark,2002,,
45406,Pusher II: With Blood on My Hands,2004,,
51272,Antonia's Line,1995,,
51855,Braveheart,1995,,
33717,Husbands and Wives,1992,,
36622,The Consequences of Love,2004,,
330220,Wind River,2017,,
51254,Birdman of Alcatraz,1962,,
47778,Cast Away,2000,,
2695,Pirates of the Caribbean: The Curse of the Black Pearl,2003,,
45406,Pusher II: With Blood on My Hands,2004,,
41458,Russian Ark,2002,,
51272,Antonia's Line,1995,,
51855,Braveheart,1995,,
33717,Husbands and Wives,1992,,
36622,The Consequences of Love,2004,,
330220,Wind River,2017,,
50390,Eastern Promises,2007,,
674564,"Red, White and Blue",2020,,
43214,Polyester,1981,,
71927,Boyhood,2014,,
49172,Masculin Féminin,1966,,
47128,Kung Fu Hustle,2004,,
417516,The Guilty,2018,,
47331,The Wedding Banquet,1993,,
51828,The Blue Angel,1930,,
30427,Parting Glances,1986,,
6669,Conspirators of Pleasure,1996,,
117875,Calvary,2014,,
198030,Selma,2014,,
25294,Loves of a Blonde,1965,,
51324,The Day the Earth Stood Still,1951,,
45065,The Emperor's New Groove,2000,,
51429,October (Ten Days that Shook the World),1927,,
51275,Scarface,1932,,
31116,Dodsworth,1936,,
34585,Drowning by Numbers,1988,,
45907,Little Shop of Horrors,1986,,
47827,The Secret of the Grain,2007,,
41935,Dev.D,2009,,
161060,Han Gong-ju,2013,,
51705,Rain Man,1988,,
23814,The Illusionist,2010,,
42599,Fear City: A Family-Style Comedy,1994,,
70031,Somersault in a Coffin,1996,,
8227,Meantime,1983,,
38277,The Fallen Idol,1948,,
235480,Me and Earl and the Dying Girl,2015,,
6286,Moneyball,2011,,
27525,The Blood of a Poet,1930,,
38644,Moscow Does Not Believe in Tears,1980,,
35438,I Killed My Mother,2009,,
26991,Four Lions,2010,,
45687,Key Largo,1948,,
19679,A Letter to Three Wives,1949,,
81909,Captain America: The Winter Soldier,2014,,
45288,Manhunter,1986,,
51222,Don't Look Now,1973,,
283509,Talvar,2015,,
688620,Education,2020,,
432191,1985,2018,,
43221,Desperate Living,1977,,
45023,The Haunting,1963,,
22577,The Housemaid,1960,,
35260,Martin,1977,,
31205,The Foster Brothers,1976,,
241920,Shin Godzilla,2016,,
45199,Invasion of the Body Snatchers,1956,,
35664,Bullet Ballet,1998,,
47060,Dead Ringers,1988,,
21333,Waterloo Bridge,1940,,
30349,Portrait of Jennie,1948,,
55844,Brute Force,1947,,
86968,A Man There Was,1917,,
45171,Pat Garrett & Billy the Kid,1973,,
34887,Wit,2001,,
269896,American Honey,2016,,
27094,Fort Apache,1948,,
21292,Stella Dallas,1937,,
36749,Fish Tank,2009,,
67054,The More the Merrier,1943,,
50826,West Side Story,1961,,
47373,Living in Oblivion,1995,,
23646,Five Element Ninjas,1982,,
14926,Burnt by the Sun,1994,,
43002,Winchester '73,1950,,
497262,Driveways,2019,,
114563,Only Lovers Left Alive,2013,,
114657,The Best Offer,2013,,
267443,Holding the Man,2015,,
18660,Blue Valentine,2010,,
9938,I Know Where I'm Going!,1945,,
51874,The Fisher King,1991,,
34443,Salvatore Giuliano,1962,,
22221,The Miracle of Morgan’s Creek,1943,,
17680,Summer with Monika,1953,,
63915,Where Do We Go Now?,2011,,
46006,Deliverance,1972,,
15620,The Help,2011,,
422900,Black Mirror: Nosedive,2016,,
17360,A Heart in Winter,1992,,
36498,Mr. Deeds Goes to Town,1936,,
507502,The Specials,2019,,
34802,Full Moon in Paris,1984,,
79794,The Puppetmaster,1993,,
22519,Underworld,1927,,
51708,A Nightmare on Elm Street,1984,,
695477,On the Count of Three,2021,,
31094,Love Me Tonight,1932,,
341755,Lucky,2017,,
70850,House of Tolerance,2011,,
13770,Husbands,1970,,
30959,The Hunchback of Notre Dame,1939,,
45935,The Outlaw Josey Wales,1976,,
62483,Shame,2011,,
137934,Ugly,2013,,
20075,Eve's Bayou,1997,,
48231,Sabrina,1954,,
44823,Betty Blue,1986,,
49511,Bloody Sunday,2002,,
2674,Modern Romance,1981,,
385391,Marlina the Murderer in Four Acts,2017,,
342751,Blue Jay,2016,,
4549,Melancholia,2011,,
42174,A Canterbury Tale,1944,,
149094,Starred Up,2013,,
,Spring in a Small Town,1948,,
,The Lego Movie,2014,,
